{"latency": 1.28, "throughput": 200.0, "resource": {"LUT": 10.698993595608417, "FF": 6.945333943275389, "DSP": 1.1111111111111112, "BRAM": 13.394495412844037}}