{"latency": 1.00352, "throughput": 255.10204081632654, "resource": {"LUT": 9.65096065873742, "FF": 6.271500457456542, "DSP": 1.3333333333333335, "BRAM": 13.211009174311927}}