{"latency": 0.082944, "throughput": 3086.4197530864194, "resource": {"LUT": 12.081427264409882, "FF": 7.921774931381519, "DSP": 9.222222222222221, "BRAM": 19.449541284403672}}