{"latency": 0.06912, "throughput": 3703.7037037037035, "resource": {"LUT": 12.081427264409882, "FF": 7.921774931381519, "DSP": 9.444444444444445, "BRAM": 19.63302752293578}}