{"latency": 0.0512, "throughput": 5000.0, "resource": {"LUT": 13.303751143641355, "FF": 8.784537968892955, "DSP": 9.555555555555555, "BRAM": 19.63302752293578}}