{"latency": 0.04608, "throughput": 5555.555555555556, "resource": {"LUT": 14.968892955169258, "FF": 9.824336688014638, "DSP": 15.333333333333332, "BRAM": 24.587155963302752}}