{"latency": 0.040140800000000004, "throughput": 6377.551020408163, "resource": {"LUT": 16.086916742909423, "FF": 10.612076852698994, "DSP": 15.444444444444445, "BRAM": 24.954128440366972}}