{"latency": 0.040140800000000004, "throughput": 6377.551020408163, "resource": {"LUT": 16.5, "FF": 10.911024702653247, "DSP": 15.444444444444445, "BRAM": 25.229357798165136}}