{"latency": 0.03456, "throughput": 7407.407407407407, "resource": {"LUT": 17.682525160109787, "FF": 11.661024702653249, "DSP": 18.333333333333332, "BRAM": 27.614678899082566}}