{"latency": 0.027648, "throughput": 9259.25925925926, "resource": {"LUT": 18.724611161939617, "FF": 12.39501372369625, "DSP": 18.444444444444443, "BRAM": 27.706422018348626}}