{"latency": 0.027648, "throughput": 9259.25925925926, "resource": {"LUT": 19.70448307410796, "FF": 13.085544373284538, "DSP": 18.555555555555557, "BRAM": 27.798165137614678}}