{"latency": 0.0256, "throughput": 10000.0, "resource": {"LUT": 21.73604757548033, "FF": 14.405763952424518, "DSP": 19.0, "BRAM": 28.165137614678898}}