{"latency": 0.512, "throughput": 500.0, "resource": {"LUT": 10.833485818847208, "FF": 7.021500457456542, "DSP": 1.5555555555555556, "BRAM": 13.394495412844037}}