{"latency": 0.02304, "throughput": 11111.111111111111, "resource": {"LUT": 22.43961573650503, "FF": 14.833943275388839, "DSP": 21.88888888888889, "BRAM": 30.642201834862387}}