{"latency": 0.020736, "throughput": 12345.679012345678, "resource": {"LUT": 26.60750228728271, "FF": 17.604528819762123, "DSP": 22.11111111111111, "BRAM": 30.458715596330276}}