{"latency": 0.02048, "throughput": 12499.999999999998, "resource": {"LUT": 25.39615736505032, "FF": 16.826395242451966, "DSP": 22.11111111111111, "BRAM": 30.275229357798167}}