{"latency": 0.020070400000000002, "throughput": 12755.102040816326, "resource": {"LUT": 30.171546203110704, "FF": 19.690301921317474, "DSP": 30.333333333333336, "BRAM": 39.174311926605505}}