{"latency": 0.020070400000000002, "throughput": 12755.102040816326, "resource": {"LUT": 30.997712717291858, "FF": 20.288197621225983, "DSP": 30.333333333333336, "BRAM": 39.72477064220183}}