{"latency": 0.01728, "throughput": 14814.814814814814, "resource": {"LUT": 32.9327538883806, "FF": 21.480786825251602, "DSP": 36.11111111111111, "BRAM": 44.4954128440367}}