{"latency": 0.013824, "throughput": 18518.51851851852, "resource": {"LUT": 32.23604757548033, "FF": 21.152104300091494, "DSP": 36.333333333333336, "BRAM": 45.96330275229358}}