{"latency": 0.013824, "throughput": 18518.51851851852, "resource": {"LUT": 33.77127172918573, "FF": 22.228956999085085, "DSP": 36.55555555555556, "BRAM": 46.330275229357795}}