{"latency": 0.0128, "throughput": 20000.0, "resource": {"LUT": 32.95105215004575, "FF": 21.686870997255262, "DSP": 36.77777777777778, "BRAM": 46.42201834862386}}