{"latency": 0.01152, "throughput": 22222.222222222223, "resource": {"LUT": 30.938700823421776, "FF": 20.426349496797805, "DSP": 43.0, "BRAM": 49.908256880733944}}