{"latency": 0.50176, "throughput": 510.2040816326531, "resource": {"LUT": 11.881518755718206, "FF": 7.695333943275388, "DSP": 2.2222222222222223, "BRAM": 13.577981651376147}}