{"latency": 0.01024, "throughput": 24999.999999999996, "resource": {"LUT": 33.056267154620315, "FF": 21.911253430924063, "DSP": 43.333333333333336, "BRAM": 50.45871559633027}}