{"latency": 0.010035200000000001, "throughput": 25510.20408163265, "resource": {"LUT": 45.346752058554436, "FF": 29.45539798719122, "DSP": 59.333333333333336, "BRAM": 69.72477064220183}}