{"latency": 0.010035200000000001, "throughput": 25510.20408163265, "resource": {"LUT": 45.75983531564501, "FF": 29.754345837145475, "DSP": 59.333333333333336, "BRAM": 70.0}}