{"latency": 0.009216, "throughput": 27777.777777777777, "resource": {"LUT": 46.59835315645014, "FF": 30.258920402561756, "DSP": 62.22222222222222, "BRAM": 72.38532110091744}}