{"latency": 0.009216, "throughput": 27777.777777777777, "resource": {"LUT": 49.734217749313814, "FF": 32.454711802378775, "DSP": 62.77777777777778, "BRAM": 73.30275229357798}}