{"latency": 0.008028160000000001, "throughput": 31887.75510204081, "resource": {"LUT": 51.765782250686186, "FF": 33.774931381518755, "DSP": 63.44444444444445, "BRAM": 74.12844036697248}}