{"latency": 0.00802816, "throughput": 31887.755102040817, "resource": {"LUT": 55.203568161024705, "FF": 35.760292772186645, "DSP": 77.88888888888889, "BRAM": 86.05504587155963}}