{"latency": 0.006912, "throughput": 37037.03703703704, "resource": {"LUT": 57.26898444647759, "FF": 37.25503202195791, "DSP": 77.88888888888889, "BRAM": 87.43119266055047}}