{"latency": 0.006912, "throughput": 37037.03703703704, "resource": {"LUT": 60.01829826166514, "FF": 39.169487648673375, "DSP": 78.44444444444446, "BRAM": 89.72477064220183}}