{"latency": 0.0064, "throughput": 40000.0, "resource": {"LUT": 60.49496797804209, "FF": 39.46683440073193, "DSP": 78.88888888888889, "BRAM": 90.18348623853211}}