{"latency": 0.256, "throughput": 1000.0, "resource": {"LUT": 10.698993595608417, "FF": 6.945333943275389, "DSP": 2.4444444444444446, "BRAM": 13.761467889908257}}