{"latency": 0.010035200000000001, "throughput": 25510.20408163265, "resource": {"LUT": 51.603385178408054, "FF": 33.62214089661482, "DSP": 91.77777777777779, "BRAM": 95.6880733944954}}