{"latency": 0.200704, "throughput": 1275.5102040816328, "resource": {"LUT": 12.364135407136322, "FF": 7.985132662397072, "DSP": 3.7777777777777777, "BRAM": 15.045871559633028}}