{"latency": 0.13824, "throughput": 1851.8518518518517, "resource": {"LUT": 13.54666056724611, "FF": 8.735132662397072, "DSP": 4.444444444444445, "BRAM": 15.59633027522936}}