{"latency": 0.128, "throughput": 2000.0, "resource": {"LUT": 14.929094236047574, "FF": 9.711573650503203, "DSP": 4.555555555555555, "BRAM": 15.77981651376147}}