{"latency": 0.1024, "throughput": 2500.0, "resource": {"LUT": 12.215919487648673, "FF": 7.997941445562671, "DSP": 4.777777777777778, "BRAM": 15.688073394495413}}