{"latency": 0.100352, "throughput": 2551.0204081632655, "resource": {"LUT": 13.26395242451967, "FF": 8.671774931381519, "DSP": 7.666666666666666, "BRAM": 18.1651376146789}}